"","date","region","sgtfv"
"1",2020-08-01,"East of England",0.0000460647929894948
"2",2020-08-02,"East of England",0.0000512053135957185
"3",2020-08-03,"East of England",0.0000569195805688918
"4",2020-08-04,"East of England",0.0000632716379724624
"5",2020-08-05,"East of England",0.0000703326785044836
"6",2020-08-06,"East of England",0.000078181841169523
"7",2020-08-07,"East of England",0.0000869070978730259
"8",2020-08-08,"East of England",0.0000966062388284538
"9",2020-08-09,"East of England",0.000107387967761959
"10",2020-08-10,"East of England",0.000119373119113559
"11",2020-08-11,"East of England",0.000132696010780523
"12",2020-08-12,"East of England",0.000147505947442006
"13",2020-08-13,"East of England",0.000163968891159385
"14",2020-08-14,"East of England",0.000182269317781187
"15",2020-08-15,"East of England",0.000202612279713582
"16",2020-08-16,"East of England",0.000225225697867454
"17",2020-08-17,"East of England",0.00025036290808336
"18",2020-08-18,"East of England",0.000278305490090298
"19",2020-08-19,"East of England",0.000309366410099563
"20",2020-08-20,"East of England",0.000343893511499362
"21",2020-08-21,"East of England",0.000382273391830109
"22",2020-08-22,"East of England",0.000424935708317227
"23",2020-08-23,"East of England",0.000472357958753194
"24",2020-08-24,"East of England",0.000525070789490673
"25",2020-08-25,"East of England",0.000583663887773338
"26",2020-08-26,"East of England",0.000648792521631515
"27",2020-08-27,"East of England",0.000721184797148279
"28",2020-08-28,"East of England",0.00080164971010142
"29",2020-08-29,"East of England",0.000891086076850525
"30",2020-08-30,"East of England",0.000990492437908009
"31",2020-08-31,"East of England",0.0011009780369471
"32",2020-09-01,"East of England",0.00122377498809261
"33",2020-09-02,"East of England",0.00136025175523834
"34",2020-09-03,"East of England",0.00151192807885449
"35",2020-09-04,"East of England",0.00168049149828997
"36",2020-09-05,"East of England",0.0018678156309198
"37",2020-09-06,"East of England",0.00207598038359003
"38",2020-09-07,"East of England",0.00230729428659155
"39",2020-09-08,"East of England",0.00256431915572269
"40",2020-09-09,"East of England",0.00284989730369501
"41",2020-09-10,"East of England",0.00316718153793825
"42",2020-09-11,"East of England",0.00351966819741967
"43",2020-09-12,"East of England",0.00391123349594415
"44",2020-09-13,"East of England",0.00434617345293646
"45",2020-09-14,"East of England",0.00482924770414358
"46",2020-09-15,"East of England",0.00536572749303469
"47",2020-09-16,"East of England",0.00596144814766448
"48",2020-09-17,"East of England",0.00662286634583182
"49",2020-09-18,"East of England",0.00735712246157107
"50",2020-09-19,"East of England",0.00817210826597396
"51",2020-09-20,"East of England",0.00907654022215931
"52",2020-09-21,"East of England",0.0100800385643879
"53",2020-09-22,"East of England",0.011193212280682
"54",2020-09-23,"East of England",0.0124277500219045
"55",2020-09-24,"East of England",0.0137965168322841
"56",2020-09-25,"East of England",0.0153136564301441
"57",2020-09-26,"East of England",0.0169946985554505
"58",2020-09-27,"East of England",0.0188566706341879
"59",2020-09-28,"East of England",0.0209182126790895
"60",2020-09-29,"East of England",0.0231996939418746
"61",2020-09-30,"East of England",0.0257233293435579
"62",2020-10-01,"East of England",0.0285132931265435
"63",2020-10-02,"East of England",0.0315958264861188
"64",2020-10-03,"East of England",0.0349993351428577
"65",2020-10-04,"East of England",0.0387544719083273
"66",2020-10-05,"East of England",0.0428941982771693
"67",2020-10-06,"East of England",0.0474538179602594
"68",2020-10-07,"East of England",0.0524709740789198
"69",2020-10-08,"East of England",0.0579856005069202
"70",2020-10-09,"East of England",0.0640398166324033
"71",2020-10-10,"East of England",0.0706777536965683
"72",2020-10-11,"East of England",0.0779452999581206
"73",2020-10-12,"East of England",0.0858897513708261
"74",2020-10-13,"East of England",0.0945593544162979
"75",2020-10-14,"East of England",0.104002728405272
"76",2020-10-15,"East of England",0.114268156170871
"77",2020-10-16,"East of England",0.125402734859425
"78",2020-10-17,"East of England",0.137451382700324
"79",2020-10-18,"East of England",0.15045570338764
"80",2020-10-19,"East of England",0.164452717135882
"81",2020-10-20,"East of England",0.179473476558151
"82",2020-10-21,"East of England",0.19554159606144
"83",2020-10-22,"East of England",0.212671735044028
"84",2020-10-23,"East of England",0.230868087142329
"85",2020-10-24,"East of England",0.250122939172421
"86",2020-10-25,"East of England",0.270415373068507
"87",2020-10-26,"East of England",0.291710190694833
"88",2020-10-27,"East of England",0.313957143516486
"89",2020-10-28,"East of England",0.337090545510496
"90",2020-10-29,"East of England",0.361029337478159
"91",2020-10-30,"East of England",0.385677653737858
"92",2020-10-31,"East of England",0.410925918431002
"93",2020-11-01,"East of England",0.436652469602943
"94",2020-11-02,"East of England",0.462725676898966
"95",2020-11-03,"East of England",0.489006485894849
"96",2020-11-04,"East of England",0.515351291901554
"97",2020-11-05,"East of England",0.541615021674929
"98",2020-11-06,"East of England",0.567654285505049
"99",2020-11-07,"East of England",0.593330456483588
"100",2020-11-08,"East of England",0.618512539035885
"101",2020-11-09,"East of England",0.643079704484315
"102",2020-11-10,"East of England",0.666923395736517
"103",2020-11-11,"East of England",0.689948933519067
"104",2020-11-12,"East of England",0.712076589752392
"105",2020-11-13,"East of England",0.733242126477945
"106",2020-11-14,"East of England",0.753396828355176
"107",2020-11-15,"East of England",0.772507080970123
"108",2020-11-16,"East of England",0.790553564716768
"109",2020-11-17,"East of England",0.807530144381757
"110",2020-11-18,"East of England",0.823442538117067
"111",2020-11-19,"East of England",0.838306847151053
"112",2020-11-20,"East of England",0.852148020661859
"113",2020-11-21,"East of England",0.864998320159709
"114",2020-11-22,"East of England",0.876895835896667
"115",2020-11-23,"East of England",0.887883095468273
"116",2020-11-24,"East of England",0.898005792861238
"117",2020-11-25,"East of England",0.907311655424042
"118",2020-11-26,"East of England",0.915849457012321
"119",2020-11-27,"East of England",0.923668178076559
"120",2020-11-28,"East of England",0.930816307722809
"121",2020-11-29,"East of England",0.93734127866729
"122",2020-11-30,"East of England",0.943289023323296
"123",2020-12-01,"East of England",0.948703637765622
"124",2020-12-02,"East of England",0.953627139768269
"125",2020-12-03,"East of England",0.958099307272762
"126",2020-12-04,"East of England",0.962157584311134
"127",2020-12-05,"East of England",0.965837042405373
"128",2020-12-06,"East of England",0.969170386653989
"129",2020-12-07,"East of England",0.972187996988521
"130",2020-12-08,"East of England",0.974917996358624
"131",2020-12-09,"East of England",0.977386338828985
"132",2020-12-10,"East of England",0.979616911708615
"133",2020-12-11,"East of England",0.981631646862848
"134",2020-12-12,"East of England",0.983450637271167
"135",2020-12-13,"East of England",0.98509225568902
"136",2020-12-14,"East of England",0.986573272953249
"137",2020-12-15,"East of England",0.987908974046873
"138",2020-12-16,"East of England",0.989113270519468
"139",2020-12-17,"East of England",0.990198808255079
"140",2020-12-18,"East of England",0.991177069901401
"141",2020-12-19,"East of England",0.992058471532111
"142",2020-12-20,"East of England",0.992852453318483
"143",2020-12-21,"East of England",0.993567564145416
"144",2020-12-22,"East of England",0.994211540228449
"145",2020-12-23,"East of England",0.994791377878988
"146",2020-12-24,"East of England",0.995313400630586
"147",2020-12-25,"East of England",0.995783320984564
"148",2020-12-26,"East of England",0.996206297062771
"149",2020-12-27,"East of England",0.996586984472142
"150",2020-12-28,"East of England",0.996929583692893
"151",2020-12-29,"East of England",0.997237883301928
"152",2020-12-30,"East of England",0.997515299337266
"153",2020-12-31,"East of England",0.997764911099434
"154",2021-01-01,"East of England",0.997989493673198
"155",2021-01-02,"East of England",0.998191547438485
"156",2021-01-03,"East of England",0.998373324823749
"157",2021-01-04,"East of England",0.998536854538893
"158",2020-08-01,"London",0.0000337359406327474
"159",2020-08-02,"London",0.0000375017018437943
"160",2020-08-03,"London",0.0000416878895933901
"161",2020-08-04,"London",0.0000463414483261609
"162",2020-08-05,"London",0.0000515145644182507
"163",2020-08-06,"London",0.0000572652513975151
"164",2020-08-07,"London",0.0000636580004577251
"165",2020-08-08,"London",0.00007076450354025
"166",2020-08-09,"London",0.0000786644570640069
"167",2020-08-10,"London",0.0000874464552806899
"168",2020-08-11,"London",0.0000972089832270341
"169",2020-08-12,"London",0.000108061520349749
"170",2020-08-13,"London",0.00012012576710349
"171",2020-08-14,"London",0.000133537008180733
"172",2020-08-15,"London",0.000148445627538857
"173",2020-08-16,"London",0.000165018792059825
"174",2020-08-17,"London",0.000183442322528586
"175",2020-08-18,"London",0.000203922772666696
"176",2020-08-19,"London",0.000226689739228058
"177",2020-08-20,"London",0.000251998428676689
"178",2020-08-21,"London",0.00028013250874648
"179",2020-08-22,"London",0.000311407276256593
"180",2020-08-23,"London",0.000346173175952201
"181",2020-08-24,"London",0.000384819708889919
"182",2020-08-25,"London",0.000427779773023653
"183",2020-08-26,"London",0.000475534483205637
"184",2020-08-27,"London",0.000528618522836785
"185",2020-08-28,"London",0.000587626084920364
"186",2020-08-29,"London",0.000653217466334892
"187",2020-08-30,"London",0.000726126385789463
"188",2020-08-31,"London",0.00080716810320113
"189",2020-09-01,"London",0.000897248426183516
"190",2020-09-02,"London",0.000997373698001059
"191",2020-09-03,"London",0.00110866187076434
"192",2020-09-04,"London",0.00123235477785393
"193",2020-09-05,"London",0.00136983173059126
"194",2020-09-06,"London",0.00152262457604284
"195",2020-09-07,"London",0.00169243436555093
"196",2020-09-08,"London",0.00188114979711301
"197",2020-09-09,"London",0.00209086760903906
"198",2020-09-10,"London",0.00232391511732192
"199",2020-09-11,"London",0.0025828751047357
"200",2020-09-12,"London",0.00287061328565003
"201",2020-09-13,"London",0.00319030858665561
"202",2020-09-14,"London",0.00354548649899206
"203",2020-09-15,"London",0.00394005577398706
"204",2020-09-16,"London",0.00437834874664905
"205",2020-09-17,"London",0.00486516558442033
"206",2020-09-18,"London",0.0054058227668929
"207",2020-09-19,"London",0.00600620610675529
"208",2020-09-20,"London",0.00667282862079587
"209",2020-09-21,"London",0.00741289355048378
"210",2020-09-22,"London",0.00823436281207864
"211",2020-09-23,"London",0.00914603112345704
"212",2020-09-24,"London",0.0101576060053493
"213",2020-09-25,"London",0.0112797937842142
"214",2020-09-26,"London",0.0125243916275157
"215",2020-09-27,"London",0.0139043855138014
"216",2020-09-28,"London",0.0154340538728687
"217",2020-09-29,"London",0.0171290764176165
"218",2020-09-30,"London",0.0190066474201034
"219",2020-10-01,"London",0.0210855923501646
"220",2020-10-02,"London",0.02338648638525
"221",2020-10-03,"London",0.0259317728041398
"222",2020-10-04,"London",0.0287458786842188
"223",2020-10-05,"London",0.0318553246223558
"224",2020-10-06,"London",0.0352888243855704
"225",2020-10-07,"London",0.0390773694656532
"226",2020-10-08,"London",0.0432542924636009
"227",2020-10-09,"London",0.0478553020753607
"228",2020-10-10,"London",0.0529184812118959
"229",2020-10-11,"London",0.0584842385014295
"230",2020-10-12,"London",0.0645952021473197
"231",2020-10-13,"London",0.0712960439333111
"232",2020-10-14,"London",0.0786332201898888
"233",2020-10-15,"London",0.0866546159047098
"234",2020-10-16,"London",0.0954090780545528
"235",2020-10-17,"London",0.104945824866702
"236",2020-10-18,"London",0.115313719321595
"237",2020-10-19,"London",0.126560398036979
"238",2020-10-20,"London",0.138731250970082
"239",2020-10-21,"London",0.151868253342736
"240",2020-10-22,"London",0.166008658958881
"241",2020-10-23,"London",0.181183573637367
"242",2020-10-24,"London",0.19741643863216
"243",2020-10-25,"London",0.214721466223671
"244",2020-10-26,"London",0.233102082424585
"245",2020-10-27,"London",0.252549443940487
"246",2020-10-28,"London",0.273041106877299
"247",2020-10-29,"London",0.294539931718675
"248",2020-10-30,"London",0.316993311278685
"249",2020-10-31,"London",0.340332804284736
"250",2020-11-01,"London",0.364474245963748
"251",2020-11-02,"London",0.389318388123952
"252",2020-11-03,"London",0.414752095219913
"253",2020-11-04,"London",0.440650091192643
"254",2020-11-05,"London",0.466877216861534
"255",2020-11-06,"London",0.493291122431332
"256",2020-11-07,"London",0.519745287786734
"257",2020-11-08,"London",0.546092238131436
"258",2020-11-09,"London",0.572186807060479
"259",2020-11-10,"London",0.597889295173772
"260",2020-11-11,"London",0.6230683803464
"261",2020-11-12,"London",0.64760365484355
"262",2020-11-13,"London",0.67138769240377
"263",2020-11-14,"London",0.694327582089448
"264",2020-11-15,"London",0.716345901554328
"265",2020-11-16,"London",0.737381136916571
"266",2020-11-17,"London",0.757387586691285
"267",2020-11-18,"London",0.776334811108244
"268",2020-11-19,"London",0.794206704481798
"269",2020-11-20,"London",0.811000276933213
"270",2020-11-21,"London",0.826724233316991
"271",2020-11-22,"London",0.841397432866908
"272",2020-11-23,"London",0.855047304359647
"273",2020-11-24,"London",0.867708280070667
"274",2020-11-25,"London",0.879420298930277
"275",2020-11-26,"London",0.890227416301357
"276",2020-11-27,"London",0.900176545618523
"277",2020-11-28,"London",0.909316346369447
"278",2020-11-29,"London",0.917696263901319
"279",2020-11-30,"London",0.925365719409647
"280",2020-12-01,"London",0.932373443152968
"281",2020-12-02,"London",0.938766940262889
"282",2020-12-03,"London",0.944592076247983
"283",2020-12-04,"London",0.949892768161391
"284",2020-12-05,"London",0.954710767158561
"285",2020-12-06,"London",0.959085518577992
"286",2020-12-07,"London",0.963054086530776
"287",2020-12-08,"London",0.96665113111685
"288",2020-12-09,"London",0.969908927665001
"289",2020-12-10,"London",0.972857418720641
"290",2020-12-11,"London",0.975524290808612
"291",2020-12-12,"London",0.977935069229955
"292",2020-12-13,"London",0.980113225281762
"293",2020-12-14,"London",0.982080291302452
"294",2020-12-15,"London",0.983855979835531
"295",2020-12-16,"London",0.985458303975014
"296",2020-12-17,"London",0.986903696611593
"297",2020-12-18,"London",0.988207126849831
"298",2020-12-19,"London",0.989382212323743
"299",2020-12-20,"London",0.990441326512609
"300",2020-12-21,"London",0.99139570046162
"301",2020-12-22,"London",0.992255518553515
"302",2020-12-23,"London",0.993030008167315
"303",2020-12-24,"London",0.993727523207037
"304",2020-12-25,"London",0.994355621594493
"305",2020-12-26,"London",0.9949211369024
"306",2020-12-27,"London",0.995430244362617
"307",2020-12-28,"London",0.995888521524065
"308",2020-12-29,"London",0.996301003859753
"309",2020-12-30,"London",0.996672235635521
"310",2020-12-31,"London",0.997006316357377
"311",2021-01-01,"London",0.997306943111749
"312",2021-01-02,"London",0.997577449105455
"313",2021-01-03,"London",0.997820838701043
"314",2021-01-04,"London",0.998039819229548
"315",2020-08-01,"Midlands",0.0000177534108317448
"316",2020-08-02,"Midlands",0.0000197338137286973
"317",2020-08-03,"Midlands",0.0000219351794527405
"318",2020-08-04,"Midlands",0.000024382166572919
"319",2020-08-05,"Midlands",0.0000271021858344213
"320",2020-08-06,"Midlands",0.0000301257073400369
"321",2020-08-07,"Midlands",0.0000334866020099805
"322",2020-08-08,"Midlands",0.0000372225211424458
"323",2020-08-09,"Midlands",0.0000413753183227186
"324",2020-08-10,"Midlands",0.0000459915184013119
"325",2020-08-11,"Midlands",0.0000511228387865676
"326",2020-08-12,"Midlands",0.0000568267688802365
"327",2020-08-13,"Midlands",0.0000631672141320647
"328",2020-08-14,"Midlands",0.0000702152119084022
"329",2020-08-15,"Midlands",0.0000780497271681002
"330",2020-08-16,"Midlands",0.0000867585368250669
"331",2020-08-17,"Midlands",0.0000964392126603182
"332",2020-08-18,"Midlands",0.000107200213737672
"333",2020-08-19,"Midlands",0.000119162100487953
"334",2020-08-20,"Midlands",0.000132458883969478
"335",2020-08-21,"Midlands",0.000147239525301635
"336",2020-08-22,"Midlands",0.000163669601919095
"337",2020-08-23,"Midlands",0.000181933159123383
"338",2020-08-24,"Midlands",0.000202234767434907
"339",2020-08-25,"Midlands",0.000224801808492243
"340",2020-08-26,"Midlands",0.000249887014728797
"341",2020-08-27,"Midlands",0.000277771290804026
"342",2020-08-28,"Midlands",0.000308766847803326
"343",2020-08-29,"Midlands",0.000343220684576117
"344",2020-08-30,"Midlands",0.000381518454285937
"345",2020-08-31,"Midlands",0.000424088758332698
"346",2020-09-01,"Midlands",0.000471407914310582
"347",2020-09-02,"Midlands",0.000524005249622944
"348",2020-09-03,"Midlands",0.000582468977827281
"349",2020-09-04,"Midlands",0.000647452720770044
"350",2020-09-05,"Midlands",0.000719682746135315
"351",2020-09-06,"Midlands",0.00079996599721638
"352",2020-09-07,"Midlands",0.000889198999568182
"353",2020-09-08,"Midlands",0.000988377737753611
"354",2020-09-09,"Midlands",0.00109860860469681
"355",2020-09-10,"Midlands",0.00122112053623691
"356",2020-09-11,"Midlands",0.00135727845436343
"357",2020-09-12,"Midlands",0.00150859815432691
"358",2020-09-13,"Midlands",0.00167676278335795
"359",2020-09-14,"Midlands",0.00186364107207756
"360",2020-09-15,"Midlands",0.0020713074937974
"361",2020-09-16,"Midlands",0.00230206454171313
"362",2020-09-17,"Midlands",0.00255846732936381
"363",2020-09-18,"Midlands",0.00284335073548614
"364",2020-09-19,"Midlands",0.00315985933028172
"365",2020-09-20,"Midlands",0.00351148033579537
"366",2020-09-21,"Midlands",0.00390207988811584
"367",2020-09-22,"Midlands",0.00433594288285984
"368",2020-09-23,"Midlands",0.00481781669711565
"369",2020-09-24,"Midlands",0.00535295908972114
"370",2020-09-25,"Midlands",0.00594719058619488
"371",2020-09-26,"Midlands",0.00660695165328008
"372",2020-09-27,"Midlands",0.00733936495898259
"373",2020-09-28,"Midlands",0.0081523029948316
"374",2020-09-29,"Midlands",0.00905446130499767
"375",2020-09-30,"Midlands",0.0100554375184039
"376",2020-10-01,"Midlands",0.0111658163109184
"377",2020-10-02,"Midlands",0.0123972603302052
"378",2020-10-03,"Midlands",0.0137626069900782
"379",2020-10-04,"Midlands",0.0152759708775656
"380",2020-10-05,"Midlands",0.016952851306731
"381",2020-10-06,"Midlands",0.0188102442900332
"382",2020-10-07,"Midlands",0.0208667578712089
"383",2020-10-08,"Midlands",0.0231427293632244
"384",2020-10-09,"Midlands",0.0256603425502849
"385",2020-10-10,"Midlands",0.0284437423339493
"386",2020-10-11,"Midlands",0.03151914362072
"387",2020-10-12,"Midlands",0.034914930454816
"388",2020-10-13,"Midlands",0.0386617404915135
"389",2020-10-14,"Midlands",0.0427925288853632
"390",2020-10-15,"Midlands",0.0473426045438157
"391",2020-10-16,"Midlands",0.052349630491612
"392",2020-10-17,"Midlands",0.0578535788409964
"393",2020-10-18,"Midlands",0.0638966296227741
"394",2020-10-19,"Midlands",0.0705230015823472
"395",2020-10-20,"Midlands",0.0777787020897073
"396",2020-10-21,"Midlands",0.0857111826905468
"397",2020-10-22,"Midlands",0.0943688867073754
"398",2020-10-23,"Midlands",0.103800675886137
"399",2020-10-24,"Midlands",0.114055124601762
"400",2020-10-25,"Midlands",0.125179672824759
"401",2020-10-26,"Midlands",0.137219633142421
"402",2020-10-27,"Midlands",0.150217052818334
"403",2020-10-28,"Midlands",0.164209439282939
"404",2020-10-29,"Midlands",0.17922836657463
"405",2020-10-30,"Midlands",0.19529799091976
"406",2020-10-31,"Midlands",0.21243351545222
"407",2020-11-01,"Midlands",0.230639656367271
"408",2020-11-02,"Midlands",0.249909174640364
"409",2020-11-03,"Midlands",0.270221547622527
"410",2020-11-04,"Midlands",0.291541861964525
"411",2020-11-05,"Midlands",0.313820011974661
"412",2020-11-06,"Midlands",0.336990284349049
"413",2020-11-07,"Midlands",0.360971400233292
"414",2020-11-08,"Midlands",0.385667068351951
"415",2020-11-09,"Midlands",0.410967078814538
"416",2020-11-10,"Midlands",0.436748937400496
"417",2020-11-11,"Midlands",0.46288000675679
"418",2020-11-12,"Midlands",0.489220086865953
"419",2020-11-13,"Midlands",0.515624335653792
"420",2020-11-14,"Midlands",0.54194640501723
"421",2020-11-15,"Midlands",0.568041650723277
"422",2020-11-16,"Midlands",0.593770268526011
"423",2020-11-17,"Midlands",0.619000214224984
"424",2020-11-18,"Midlands",0.643609781659904
"425",2020-11-19,"Midlands",0.667489737964753
"426",2020-11-20,"Midlands",0.690544946987912
"427",2020-11-21,"Midlands",0.712695446287096
"428",2020-11-22,"Midlands",0.733876977142104
"429",2020-11-23,"Midlands",0.754040997603232
"430",2020-11-24,"Midlands",0.773154233448818
"431",2020-11-25,"Midlands",0.791197839714048
"432",2020-11-26,"Midlands",0.808166255760499
"433",2020-11-27,"Midlands",0.824065840085891
"434",2020-11-28,"Midlands",0.838913368243547
"435",2020-11-29,"Midlands",0.852734469738778
"436",2020-11-30,"Midlands",0.865562069115872
"437",2020-12-01,"Midlands",0.877434884104765
"438",2020-12-02,"Midlands",0.88839602092143
"439",2020-12-03,"Midlands",0.898491694596333
"440",2020-12-04,"Midlands",0.90777009122833
"441",2020-12-05,"Midlands",0.916280379733739
"442",2020-12-06,"Midlands",0.924071873151222
"443",2020-12-07,"Midlands",0.931193333858425
"444",2020-12-08,"Midlands",0.937692413015752
"445",2020-12-09,"Midlands",0.943615211959555
"446",2020-12-10,"Midlands",0.949005951870277
"447",2020-12-11,"Midlands",0.953906737585562
"448",2020-12-12,"Midlands",0.95835740167564
"449",2020-12-13,"Midlands",0.962395415638843
"450",2020-12-14,"Midlands",0.966055856133954
"451",2020-12-15,"Midlands",0.969371415403315
"452",2020-12-16,"Midlands",0.972372446349423
"453",2020-12-17,"Midlands",0.975087034030332
"454",2020-12-18,"Midlands",0.977541086581965
"455",2020-12-19,"Midlands",0.979758439724433
"456",2020-12-20,"Midlands",0.981760970045595
"457",2020-12-21,"Midlands",0.983568713170611
"458",2020-12-22,"Midlands",0.985199983721081
"459",2020-12-23,"Midlands",0.986671494646959
"460",2020-12-24,"Midlands",0.987998474087409
"461",2020-12-25,"Midlands",0.989194778393546
"462",2020-12-26,"Midlands",0.990273000337681
"463",2020-12-27,"Midlands",0.991244571851478
"464",2020-12-28,"Midlands",0.992119860889711
"465",2020-12-29,"Midlands",0.992908262216989
"466",2020-12-30,"Midlands",0.993618282070528
"467",2020-12-31,"Midlands",0.99425761677064
"468",2021-01-01,"Midlands",0.994833225438654
"469",2021-01-02,"Midlands",0.995351397045444
"470",2021-01-03,"Midlands",0.995817812057252
"471",2021-01-04,"Midlands",0.996237598973412
"472",2020-08-01,"North East and Yorkshire",0.0000068943713388753
"473",2020-08-02,"North East and Yorkshire",0.00000766363650172915
"474",2020-08-03,"North East and Yorkshire",0.00000851875415484172
"475",2020-08-04,"North East and Yorkshire",0.00000946930773244385
"476",2020-08-05,"North East and Yorkshire",0.0000105259506401238
"477",2020-08-06,"North East and Yorkshire",0.0000117005257326213
"478",2020-08-07,"North East and Yorkshire",0.0000130061981337998
"479",2020-08-08,"North East and Yorkshire",0.0000144576028885249
"480",2020-08-09,"North East and Yorkshire",0.0000160710091024243
"481",2020-08-10,"North East and Yorkshire",0.0000178645024102767
"482",2020-08-11,"North East and Yorkshire",0.0000198581878191318
"483",2020-08-12,"North East and Yorkshire",0.0000220744152004934
"484",2020-08-13,"North East and Yorkshire",0.0000245380299595231
"485",2020-08-14,"North East and Yorkshire",0.000027276651691078
"486",2020-08-15,"North East and Yorkshire",0.0000303209839455896
"487",2020-08-16,"North East and Yorkshire",0.0000337051585757985
"488",2020-08-17,"North East and Yorkshire",0.0000374671185220217
"489",2020-08-18,"North East and Yorkshire",0.0000416490433232109
"490",2020-08-19,"North East and Yorkshire",0.0000462978221182846
"491",2020-08-20,"North East and Yorkshire",0.0000514655794323256
"492",2020-08-21,"North East and Yorkshire",0.0000572102596310265
"493",2020-08-22,"North East and Yorkshire",0.0000635962765806695
"494",2020-08-23,"North East and Yorkshire",0.0000706952357770437
"495",2020-08-24,"North East and Yorkshire",0.0000785867370129139
"496",2020-08-25,"North East and Yorkshire",0.0000873592665486408
"497",2020-08-26,"North East and Yorkshire",0.0000971111887439341
"498",2020-08-27,"North East and Yorkshire",0.000107951848211094
"499",2020-08-28,"North East and Yorkshire",0.000120002794773174
"500",2020-08-29,"North East and Yorkshire",0.000133399144867159
"501",2020-08-30,"North East and Yorkshire",0.000148291094536714
"502",2020-08-31,"North East and Yorkshire",0.000164845600826891
"503",2020-09-01,"North East and Yorkshire",0.000183248250241566
"504",2020-09-02,"North East and Yorkshire",0.000203705334972063
"505",2020-09-03,"North East and Yorkshire",0.000226446159872975
"506",2020-09-04,"North East and Yorkshire",0.000251725605671086
"507",2020-09-05,"North East and Yorkshire",0.000279826976669953
"508",2020-09-06,"North East and Yorkshire",0.00031106516428273
"509",2020-09-07,"North East and Yorkshire",0.000345790161118
"510",2020-09-08,"North East and Yorkshire",0.000384390964088762
"511",2020-09-09,"North East and Yorkshire",0.00042729990914673
"512",2020-09-10,"North East and Yorkshire",0.000474997484798374
"513",2020-09-11,"North East and Yorkshire",0.000528017676573712
"514",2020-09-12,"North East and Yorkshire",0.000586953900133578
"515",2020-09-13,"North East and Yorkshire",0.00065246558675801
"516",2020-09-14,"North East and Yorkshire",0.000725285491600543
"517",2020-09-15,"North East and Yorkshire",0.000806227802364758
"518",2020-09-16,"North East and Yorkshire",0.000896197134004438
"519",2020-09-17,"North East and Yorkshire",0.000996198503710036
"520",2020-09-18,"North East and Yorkshire",0.00110734838986217
"521",2020-09-19,"North East and Yorkshire",0.00123088698884323
"522",2020-09-20,"North East and Yorkshire",0.00136819179462971
"523",2020-09-21,"North East and Yorkshire",0.00152079263795791
"524",2020-09-22,"North East and Yorkshire",0.00169038833456951
"525",2020-09-23,"North East and Yorkshire",0.00187886510558234
"526",2020-09-24,"North East and Yorkshire",0.00208831694735552
"527",2020-09-25,"North East and Yorkshire",0.00232106814324706
"528",2020-09-26,"North East and Yorkshire",0.00257969812527559
"529",2020-09-27,"North East and Yorkshire",0.00286706890971394
"530",2020-09-28,"North East and Yorkshire",0.00318635534680996
"531",2020-09-29,"North East and Yorkshire",0.00354107844080166
"532",2020-09-30,"North East and Yorkshire",0.00393514201171113
"533",2020-10-01,"North East and Yorkshire",0.0043728729844611
"534",2020-10-02,"North East and Yorkshire",0.00485906560288155
"535",2020-10-03,"North East and Yorkshire",0.00539902987516829
"536",2020-10-04,"North East and Yorkshire",0.00599864456206741
"537",2020-10-05,"North East and Yorkshire",0.00666441501792061
"538",2020-10-06,"North East and Yorkshire",0.00740353618577103
"539",2020-10-07,"North East and Yorkshire",0.00822396102860739
"540",2020-10-08,"North East and Yorkshire",0.00913447464659811
"541",2020-10-09,"North East and Yorkshire",0.0101447742813111
"542",2020-10-10,"North East and Yorkshire",0.0112655553382018
"543",2020-10-11,"North East and Yorkshire",0.0125086034630647
"544",2020-10-12,"North East and Yorkshire",0.0138868925807845
"545",2020-10-13,"North East and Yorkshire",0.0154146886387519
"546",2020-10-14,"North East and Yorkshire",0.0171076585848851
"547",2020-10-15,"North East and Yorkshire",0.0189829838424973
"548",2020-10-16,"North East and Yorkshire",0.0210594772115244
"549",2020-10-17,"North East and Yorkshire",0.0233577017173983
"550",2020-10-18,"North East and Yorkshire",0.0259000894342119
"551",2020-10-19,"North East and Yorkshire",0.0287110577170018
"552",2020-10-20,"North East and Yorkshire",0.0318171195790802
"553",2020-10-21,"North East and Yorkshire",0.035246984136553
"554",2020-10-22,"North East and Yorkshire",0.0390316421092204
"555",2020-10-23,"North East and Yorkshire",0.0432044303163915
"556",2020-10-24,"North East and Yorkshire",0.0478010679474931
"557",2020-10-25,"North East and Yorkshire",0.052859656142042
"558",2020-10-26,"North East and Yorkshire",0.0584206311183846
"559",2020-10-27,"North East and Yorkshire",0.0645266598023083
"560",2020-10-28,"North East and Yorkshire",0.0712224657065404
"561",2020-10-29,"North East and Yorkshire",0.0785545718107979
"562",2020-10-30,"North East and Yorkshire",0.086570946532924
"563",2020-10-31,"North East and Yorkshire",0.0953205387431183
"564",2020-11-01,"North East and Yorkshire",0.104852688367415
"565",2020-11-02,"North East and Yorkshire",0.115216400693166
"566",2020-11-03,"North East and Yorkshire",0.126459475283166
"567",2020-11-04,"North East and Yorkshire",0.138627484674832
"568",2020-11-05,"North East and Yorkshire",0.15176260399779
"569",2020-11-06,"North East and Yorkshire",0.165902300419261
"570",2020-11-07,"North East and Yorkshire",0.181077900923605
"571",2020-11-08,"North East and Yorkshire",0.197313068164885
"572",2020-11-09,"North East and Yorkshire",0.214622226571762
"573",2020-11-10,"North East and Yorkshire",0.233008993819007
"574",2020-11-11,"North East and Yorkshire",0.252464685192328
"575",2020-11-12,"North East and Yorkshire",0.272966968965383
"576",2020-11-13,"North East and Yorkshire",0.294478758179066
"577",2020-11-14,"North East and Yorkshire",0.316947426600364
"578",2020-11-15,"North East and Yorkshire",0.340304432717476
"579",2020-11-16,"North East and Yorkshire",0.364465424360167
"580",2020-11-17,"North East and Yorkshire",0.389330877521023
"581",2020-11-18,"North East and Yorkshire",0.414787296654357
"582",2020-11-19,"North East and Yorkshire",0.440708971589651
"583",2020-11-20,"North East and Yorkshire",0.466960250626374
"584",2020-11-21,"North East and Yorkshire",0.493398253564547
"585",2020-11-22,"North East and Yorkshire",0.519875915975536
"586",2020-11-23,"North East and Yorkshire",0.546245230469334
"587",2020-11-24,"North East and Yorkshire",0.572360535013521
"588",2020-11-25,"North East and Yorkshire",0.598081694387139
"589",2020-11-26,"North East and Yorkshire",0.623277029113841
"590",2020-11-27,"North East and Yorkshire",0.647825865750343
"591",2020-11-28,"North East and Yorkshire",0.671620610935196
"592",2020-11-29,"North East and Yorkshire",0.694568285915101
"593",2020-11-30,"North East and Yorkshire",0.716591494707303
"594",2020-12-01,"North East and Yorkshire",0.737628834065631
"595",2020-12-02,"North East and Yorkshire",0.757634783987271
"596",2020-12-03,"North East and Yorkshire",0.776579141492926
"597",2020-12-04,"North East and Yorkshire",0.794446076712374
"598",2020-12-05,"North East and Yorkshire",0.811232898768688
"599",2020-12-06,"North East and Yorkshire",0.826948620249898
"600",2020-12-07,"North East and Yorkshire",0.841612404429071
"601",2020-12-08,"North East and Yorkshire",0.855251970388277
"602",2020-12-09,"North East and Yorkshire",0.867902019425523
"603",2020-12-10,"North East and Yorkshire",0.879602733056123
"604",2020-12-11,"North East and Yorkshire",0.890398379791025
"605",2020-12-12,"North East and Yorkshire",0.900336055607252
"606",2020-12-13,"North East and Yorkshire",0.909464572229284
"607",2020-12-14,"North East and Yorkshire",0.917833498343274
"608",2020-12-15,"North East and Yorkshire",0.925492351767398
"609",2020-12-16,"North East and Yorkshire",0.93248993533139
"610",2020-12-17,"North East and Yorkshire",0.938873805595107
"611",2020-12-18,"North East and Yorkshire",0.944689861316972
"612",2020-12-19,"North East and Yorkshire",0.949982037503219
"613",2020-12-20,"North East and Yorkshire",0.954792090668159
"614",2020-12-21,"North East and Yorkshire",0.959159461377826
"615",2020-12-22,"North East and Yorkshire",0.963121201030671
"616",2020-12-23,"North East and Yorkshire",0.966711950982614
"617",2020-12-24,"North East and Yorkshire",0.969963963418491
"618",2020-12-25,"North East and Yorkshire",0.972907154709359
"619",2020-12-26,"North East and Yorkshire",0.975569183304968
"620",2020-12-27,"North East and Yorkshire",0.977975545445745
"621",2020-12-28,"North East and Yorkshire",0.980149683110045
"622",2020-12-29,"North East and Yorkshire",0.982113099625223
"623",2020-12-30,"North East and Yorkshire",0.98388547926033
"624",2020-12-31,"North East and Yorkshire",0.985484807886298
"625",2021-01-01,"North East and Yorkshire",0.986927492442986
"626",2021-01-02,"North East and Yorkshire",0.988228477501113
"627",2021-01-03,"North East and Yorkshire",0.989401357661795
"628",2021-01-04,"North East and Yorkshire",0.990458484908547
"629",2020-08-01,"North West",0.0000145739584823804
"630",2020-08-02,"North West",0.0000161998120920832
"631",2020-08-03,"North West",0.00001800708297794
"632",2020-08-04,"North West",0.000020016018109864
"633",2020-08-05,"North West",0.0000222491244462082
"634",2020-08-06,"North West",0.0000247314212098517
"635",2020-08-07,"North West",0.0000274907203210579
"636",2020-08-08,"North West",0.0000305579381279277
"637",2020-08-09,"North West",0.0000339674419251115
"638",2020-08-10,"North West",0.0000377574351401221
"639",2020-08-11,"North West",0.0000419703854983827
"640",2020-08-12,"North West",0.0000466535009577995
"641",2020-08-13,"North West",0.0000518592587364156
"642",2020-08-14,"North West",0.0000576459933484078
"643",2020-08-15,"North West",0.0000640785502207741
"644",2020-08-16,"North West",0.0000712290121926555
"645",2020-08-17,"North West",0.0000791775070092345
"646",2020-08-18,"North West",0.0000880131048212594
"647",2020-08-19,"North West",0.0000978348156991031
"648",2020-08-20,"North West",0.000108752698277481
"649",2020-08-21,"North West",0.000120889091875267
"650",2020-08-22,"North West",0.000134379985797125
"651",2020-08-23,"North West",0.000149376541034193
"652",2020-08-24,"North West",0.0001660467812553
"653",2020-08-25,"North West",0.000184577471835429
"654",2020-08-26,"North West",0.000205176207723029
"655",2020-08-27,"North West",0.000228073733222834
"656",2020-08-28,"North West",0.000253526519288576
"657",2020-08-29,"North West",0.000281819626704541
"658",2020-08-30,"North West",0.000313269886612996
"659",2020-08-31,"North West",0.000348229433244522
"660",2020-09-01,"North West",0.000387089627461187
"661",2020-09-02,"North West",0.000430285413861286
"662",2020-09-03,"North West",0.000478300158754407
"663",2020-09-04,"North West",0.000531671021334217
"664",2020-09-05,"North West",0.000590994915892982
"665",2020-09-06,"North West",0.000656935128977445
"666",2020-09-07,"North West",0.000730228662022401
"667",2020-09-08,"North West",0.000811694377258954
"668",2020-09-09,"North West",0.000902242032621307
"669",2020-09-10,"North West",0.00100288230001001
"670",2020-09-11,"North West",0.00111473787064848
"671",2020-09-12,"North West",0.00123905576142596
"672",2020-09-13,"North West",0.00137722094707874
"673",2020-09-14,"North West",0.0015307714548353
"674",2020-09-15,"North West",0.0017014150707388
"675",2020-09-16,"North West",0.00189104782023765
"676",2020-09-17,"North West",0.00210177439975131
"677",2020-09-18,"North West",0.00233593075068573
"678",2020-09-19,"North West",0.00259610898265657
"679",2020-09-20,"North West",0.00288518486828333
"680",2020-09-21,"North West",0.00320634814757379
"681",2020-09-22,"North West",0.00356313589525906
"682",2020-09-23,"North West",0.00395946921898195
"683",2020-09-24,"North West",0.00439969356935445
"684",2020-09-25,"North West",0.00488862295377342
"685",2020-09-26,"North West",0.00543158835348914
"686",2020-09-27,"North West",0.00603449064646482
"687",2020-09-28,"North West",0.00670385833543546
"688",2020-09-29,"North West",0.00744691036927987
"689",2020-09-30,"North West",0.00827162432392447
"690",2020-10-01,"North West",0.0091868101735395
"691",2020-10-02,"North West",0.0102021898302061
"692",2020-10-03,"North West",0.0113284825562748
"693",2020-10-04,"North West",0.0125774962532868
"694",2020-10-05,"North West",0.0139622244987238
"695",2020-10-06,"North West",0.0154969490302415
"696",2020-10-07,"North West",0.0171973471587447
"697",2020-10-08,"North West",0.0190806033181208
"698",2020-10-09,"North West",0.0211655236213225
"699",2020-10-10,"North West",0.0234726518798817
"700",2020-10-11,"North West",0.0260243850467598
"701",2020-10-12,"North West",0.0288450854510231
"702",2020-10-13,"North West",0.0319611864987253
"703",2020-10-14,"North West",0.0354012877115948
"704",2020-10-15,"North West",0.0391962340616735
"705",2020-10-16,"North West",0.043379173540052
"706",2020-10-17,"North West",0.0479855857840933
"707",2020-10-18,"North West",0.0530532734046451
"708",2020-10-19,"North West",0.0586223064427807
"709",2020-10-20,"North West",0.0647349092040783
"710",2020-10-21,"North West",0.0714352776503412
"711",2020-10-22,"North West",0.0787693146841535
"712",2020-10-23,"North West",0.0867842701806788
"713",2020-10-24,"North West",0.0955282726739274
"714",2020-10-25,"North West",0.105049740389249
"715",2020-10-26,"North West",0.115396661048288
"716",2020-10-27,"North West",0.126615732781957
"717",2020-10-28,"North West",0.13875136278169
"718",2020-10-29,"North West",0.151844526165741
"719",2020-10-30,"North West",0.165931495020222
"720",2020-10-31,"North West",0.181042456652167
"721",2020-11-01,"North West",0.197200050549037
"722",2020-11-02,"North West",0.214417864943995
"723",2020-11-03,"North West",0.232698945560223
"724",2020-11-04,"North West",0.252034380118532
"725",2020-11-05,"North West",0.272402031384232
"726",2020-11-06,"North West",0.293765497595858
"727",2020-11-07,"North West",0.316073380728425
"728",2020-11-08,"North West",0.339258939010696
"729",2020-11-09,"North West",0.363240189598497
"730",2020-11-10,"North West",0.387920510013591
"731",2020-11-11,"North West",0.41318976332044
"732",2020-11-12,"North West",0.438925943278546
"733",2020-11-13,"North West",0.464997303923024
"734",2020-11-14,"North West",0.491264905886639
"735",2020-11-15,"North West",0.517585482343747
"736",2020-11-16,"North West",0.54381450377342
"737",2020-11-17,"North West",0.56980930540424
"738",2020-11-18,"North West",0.595432135981135
"739",2020-11-19,"North West",0.620552992033815
"740",2020-11-20,"North West",0.645052117549123
"741",2020-11-21,"North West",0.668822073134023
"742",2020-11-22,"North West",0.691769308797576
"743",2020-11-23,"North West",0.713815207280077
"744",2020-11-24,"North West",0.734896597260102
"745",2020-11-25,"North West",0.754965764972773
"746",2020-11-26,"North West",0.773990016635581
"747",2020-11-27,"North West",0.791950861299726
"748",2020-11-28,"North West",0.80884289388951
"749",2020-11-29,"North West",0.824672461593532
"750",2020-11-30,"North West",0.839456194349912
"751",2020-12-01,"North West",0.853219473208616
"752",2020-12-02,"North West",0.865994900286716
"753",2020-12-03,"North West",0.877820822245809
"754",2020-12-04,"North West",0.888739946928555
"755",2020-12-05,"North West",0.898798080954643
"756",2020-12-06,"North West",0.908043005377227
"757",2020-12-07,"North West",0.916523497353112
"758",2020-12-08,"North West",0.924288498367872
"759",2020-12-09,"North West",0.931386423885364
"760",2020-12-10,"North West",0.937864605237442
"761",2020-12-11,"North West",0.943768851934223
"762",2020-12-12,"North West",0.949143121119835
"763",2020-12-13,"North West",0.954029280378342
"764",2020-12-14,"North West",0.958466950277681
"765",2020-12-15,"North West",0.962493413721084
"766",2020-12-16,"North West",0.966143580182623
"767",2020-12-17,"North West",0.969449994097388
"768",2020-12-18,"North West",0.972442877950437
"769",2020-12-19,"North West",0.97515020188356
"770",2020-12-20,"North West",0.977597772860536
"771",2020-12-21,"North West",0.979809337564945
"772",2020-12-22,"North West",0.981806694229498
"773",2020-12-23,"North West",0.983609809503695
"774",2020-12-24,"North West",0.985236937256393
"775",2020-12-25,"North West",0.986704736886481
"776",2020-12-26,"North West",0.98802838928622
"777",2020-12-27,"North West",0.989221709078007
"778",2020-12-28,"North West",0.99029725213716
"779",2020-12-29,"North West",0.99126641773161
"780",2020-12-30,"North West",0.992139544864539
"781",2020-12-31,"North West",0.992926002607576
"782",2021-01-01,"North West",0.993634274368939
"783",2021-01-02,"North West",0.994272036160388
"784",2021-01-03,"North West",0.99484622901595
"785",2021-01-04,"North West",0.995363125779564
"786",2020-08-01,"South East",0.0000498244606600176
"787",2020-08-02,"South East",0.0000553848151968102
"788",2020-08-03,"South East",0.0000615658041584133
"789",2020-08-04,"South East",0.0000684367080351808
"790",2020-08-05,"South East",0.0000760745405398451
"791",2020-08-06,"South East",0.0000845649114715888
"792",2020-08-07,"South East",0.0000940029857537707
"793",2020-08-08,"South East",0.000104494549337435
"794",2020-08-09,"South East",0.00011615719384469
"795",2020-08-10,"South East",0.000129121633137028
"796",2020-08-11,"South East",0.000143533166447384
"797",2020-08-12,"South East",0.000159553304326219
"798",2020-08-13,"South East",0.000177361575437737
"799",2020-08-14,"South East",0.000197157534220559
"800",2020-08-15,"South East",0.000219162991617661
"801",2020-08-16,"South East",0.000243624493504719
"802",2020-08-17,"South East",0.000270816074127771
"803",2020-08-18,"South East",0.000301042314825915
"804",2020-08-19,"South East",0.000334641741590251
"805",2020-08-20,"South East",0.000371990598626428
"806",2020-08-21,"South East",0.00041350703907695
"807",2020-08-22,"South East",0.000459655778455181
"808",2020-08-23,"South East",0.000510953261182154
"809",2020-08-24,"South East",0.000567973395938112
"810",2020-08-25,"South East",0.000631353921383348
"811",2020-08-26,"South East",0.000701803470208507
"812",2020-08-27,"South East",0.000780109406485227
"813",2020-08-28,"South East",0.00086714651894557
"814",2020-08-29,"South East",0.000963886661163854
"815",2020-08-30,"South East",0.00107140943868507
"816",2020-08-31,"South East",0.00119091405297346
"817",2020-09-01,"South East",0.00132373242266906
"818",2020-09-02,"South East",0.00147134371405503
"819",2020-09-03,"South East",0.00163539042485567
"820",2020-09-04,"South East",0.00181769617848607
"821",2020-09-05,"South East",0.00202028539961534
"822",2020-09-06,"South East",0.00224540505630806
"823",2020-09-07,"South East",0.00249554866895107
"824",2020-09-08,"South East",0.00277348280147681
"825",2020-09-09,"South East",0.00308227626581118
"826",2020-09-10,"South East",0.0034253322856648
"827",2020-09-11,"South East",0.00380642388030244
"828",2020-09-12,"South East",0.00422973274217931
"829",2020-09-13,"South East",0.0046998918935695
"830",2020-09-14,"South East",0.00522203241556966
"831",2020-09-15,"South East",0.00580183454692978
"832",2020-09-16,"South East",0.00644558344853211
"833",2020-09-17,"South East",0.00716022992014378
"834",2020-09-18,"South East",0.00795345633701875
"835",2020-09-19,"South East",0.00883374804224178
"836",2020-09-20,"South East",0.00981047038304135
"837",2020-09-21,"South East",0.0108939515116534
"838",2020-09-22,"South East",0.0120955709789698
"839",2020-09-23,"South East",0.0134278540266382
"840",2020-09-24,"South East",0.0149045713241224
"841",2020-09-25,"South East",0.0165408436942495
"842",2020-09-26,"South East",0.0183532511158674
"843",2020-09-27,"South East",0.0203599449765851
"844",2020-09-28,"South East",0.0225807621627617
"845",2020-09-29,"South East",0.0250373391083576
"846",2020-09-30,"South East",0.0277532233696562
"847",2020-10-01,"South East",0.0307539796410071
"848",2020-10-02,"South East",0.0340672863715733
"849",2020-10-03,"South East",0.0377230182821444
"850",2020-10-04,"South East",0.0417533091174355
"851",2020-10-05,"South East",0.0461925879137874
"852",2020-10-06,"South East",0.0510775809363633
"853",2020-10-07,"South East",0.0564472702793059
"854",2020-10-08,"South East",0.0623427989799918
"855",2020-10-09,"South East",0.0688073114489472
"856",2020-10-10,"South East",0.0758857171593469
"857",2020-10-11,"South East",0.0836243650007868
"858",2020-10-12,"South East",0.0920706156356896
"859",2020-10-13,"South East",0.101272299783895
"860",2020-10-14,"South East",0.111277051802319
"861",2020-10-15,"South East",0.122131510431356
"862",2020-10-16,"South East",0.133880382347813
"863",2020-10-17,"South East",0.146565369360657
"864",2020-10-18,"South East",0.160223966807717
"865",2020-10-19,"South East",0.174888148948584
"866",2020-10-20,"South East",0.190582966741372
"867",2020-10-21,"South East",0.207325093988682
"868",2020-10-22,"South East",0.225121368870363
"869",2020-10-23,"South East",0.243967388544125
"870",2020-10-24,"South East",0.263846223772318
"871",2020-10-25,"South East",0.284727327248329
"872",2020-10-26,"South East",0.306565712215708
"873",2020-10-27,"South East",0.329301475948858
"874",2020-10-28,"South East",0.352859734807269
"875",2020-10-29,"South East",0.377151023442699
"876",2020-10-30,"South East",0.40207219049865
"877",2020-10-31,"South East",0.427507797684001
"878",2020-11-01,"South East",0.45333200006006
"879",2020-11-02,"South East",0.479410855033458
"880",2020-11-03,"South East",0.505604978611963
"881",2020-11-04,"South East",0.531772442792463
"882",2020-11-05,"South East",0.557771790094093
"883",2020-11-06,"South East",0.583465032187853
"884",2020-11-07,"South East",0.608720500352843
"885",2020-11-08,"South East",0.633415426069782
"886",2020-11-09,"South East",0.657438149319936
"887",2020-11-10,"South East",0.680689878046574
"888",2020-11-11,"South East",0.703085952090252
"889",2020-11-12,"South East",0.724556595819689
"890",2020-11-13,"South East",0.74504717287962
"891",2020-11-14,"South East",0.76451798166788
"892",2020-11-15,"South East",0.782943649728181
"893",2020-11-16,"South East",0.800312198379151
"894",2020-11-17,"South East",0.81662385552613
"895",2020-11-18,"South East",0.831889695283635
"896",2020-11-19,"South East",0.846130178784409
"897",2020-11-20,"South East",0.859373662623335
"898",2020-11-21,"South East",0.871654931097762
"899",2020-11-22,"South East",0.883013796986283
"900",2020-11-23,"South East",0.893493804090807
"901",2020-11-24,"South East",0.903141053943231
"902",2020-11-25,"South East",0.912003169485552
"903",2020-11-26,"South East",0.92012840047401
"904",2020-11-27,"South East",0.927564868941708
"905",2020-11-28,"South East",0.934359948239837
"906",2020-11-29,"South East",0.940559765823713
"907",2020-11-30,"South East",0.946208817855796
"908",2020-12-01,"South East",0.951349682637991
"909",2020-12-02,"South East",0.956022819634011
"910",2020-12-03,"South East",0.960266441190296
"911",2020-12-04,"South East",0.964116444828111
"912",2020-12-05,"South East",0.967606395007936
"913",2020-12-06,"South East",0.970767544439024
"914",2020-12-07,"South East",0.97362888622976
"915",2020-12-08,"South East",0.976217229381415
"916",2020-12-09,"South East",0.978557291273175
"917",2020-12-10,"South East",0.980671801841221
"918",2020-12-11,"South East",0.982581615103419
"919",2020-12-12,"South East",0.984305824517769
"920",2020-12-13,"South East",0.985861879387995
"921",2020-12-14,"South East",0.987265700148939
"922",2020-12-15,"South East",0.988531790885957
"923",2020-12-16,"South East",0.989673347875987
"924",2020-12-17,"South East",0.990702363293752
"925",2020-12-18,"South East",0.991629723514745
"926",2020-12-19,"South East",0.992465301677015
"927",2020-12-20,"South East",0.993218044345174
"928",2020-12-21,"South East",0.993896052260466
"929",2020-12-22,"South East",0.994506655267366
"930",2020-12-23,"South East",0.995056481585928
"931",2020-12-24,"South East",0.995551521655525
"932",2020-12-25,"South East",0.995997186813868
"933",2020-12-26,"South East",0.996398363099274
"934",2020-12-27,"South East",0.996759460476962
"935",2020-12-28,"South East",0.997084457794414
"936",2020-12-29,"South East",0.99737694376852
"937",2020-12-30,"South East",0.997640154300094
"938",2020-12-31,"South East",0.997877006400743
"939",2021-01-01,"South East",0.998090129004035
"940",2021-01-02,"South East",0.998281890918394
"941",2021-01-03,"South East",0.998454426163665
"942",2021-01-04,"South East",0.998609656917529
"943",2020-08-01,"South West",0.00000529859032691362
"944",2020-08-02,"South West",0.00000588982029648319
"945",2020-08-03,"South West",0.0000065470357481303
"946",2020-08-04,"South West",0.00000727760270682637
"947",2020-08-05,"South West",0.00000808970963743198
"948",2020-08-06,"South West",0.00000899245928790065
"949",2020-08-07,"South West",0.00000999597078974225
"950",2020-08-08,"South West",0.0000111114931612398
"951",2020-08-09,"South West",0.0000123515314867916
"952",2020-08-10,"South West",0.0000137299871878892
"953",2020-08-11,"South West",0.0000152623139592287
"954",2020-08-12,"South West",0.0000169656911190482
"955",2020-08-13,"South West",0.0000188592163179483
"956",2020-08-14,"South West",0.0000209641197673535
"957",2020-08-15,"South West",0.0000233040023898259
"958",2020-08-16,"South West",0.000025905100561327
"959",2020-08-17,"South West",0.0000287965804132052
"960",2020-08-18,"South West",0.0000320108649924706
"961",2020-08-19,"South West",0.0000355839979464558
"962",2020-08-20,"South West",0.0000395560478063147
"963",2020-08-21,"South West",0.0000439715573974724
"964",2020-08-22,"South West",0.0000488800434091005
"965",2020-08-23,"South West",0.0000543365517144716
"966",2020-08-24,"South West",0.000060402274655765
"967",2020-08-25,"South West",0.0000671452371973279
"968",2020-08-26,"South West",0.0000746410596180298
"969",2020-08-27,"South West",0.0000829738052644803
"970",2020-08-28,"South West",0.0000922369228316615
"971",2020-08-29,"South West",0.000102534293686079
"972",2020-08-30,"South West",0.000113981395910019
"973",2020-08-31,"South West",0.000126706598036215
"974",2020-09-01,"South West",0.000140852596873761
"975",2020-09-02,"South West",0.000156578015413301
"976",2020-09-03,"South West",0.000174059178558887
"977",2020-09-04,"South West",0.000193492086383224
"978",2020-09-05,"South West",0.000215094606762217
"979",2020-09-06,"South West",0.000239108911635117
"980",2020-09-07,"South West",0.000265804183781761
"981",2020-09-08,"South West",0.000295479623933848
"982",2020-09-09,"South West",0.000328467791270697
"983",2020-09-10,"South West",0.00036513831392133
"984",2020-09-11,"South West",0.000405902010036386
"985",2020-09-12,"South West",0.000451215464339795
"986",2020-09-13,"South West",0.000501586109858185
"987",2020-09-14,"South West",0.00055757786979467
"988",2020-09-15,"South West",0.000619817420303948
"989",2020-09-16,"South West",0.000689001141280031
"990",2020-09-17,"South West",0.000765902829230167
"991",2020-09-18,"South West",0.000851382253922667
"992",2020-09-19,"South West",0.00094639464880587
"993",2020-09-20,"South West",0.0010520012342421
"994",2020-09-21,"South West",0.00116938088242203
"995",2020-09-22,"South West",0.00129984304345362
"996",2020-09-23,"South West",0.00144484206357911
"997",2020-09-24,"South West",0.0016059930387737
"998",2020-09-25,"South West",0.00178508936011501
"999",2020-09-26,"South West",0.00198412212125247
"1000",2020-09-27,"South West",0.00220530157299023
"1001",2020-09-28,"South West",0.0024510808253266
"1002",2020-09-29,"South West",0.00272418201311389
"1003",2020-09-30,"South West",0.00302762515759886
"1004",2020-10-01,"South West",0.00336475997217527
"1005",2020-10-02,"South West",0.00373930087632189
"1006",2020-10-03,"South West",0.00415536549637924
"1007",2020-10-04,"South West",0.00461751694484421
"1008",2020-10-05,"South West",0.00513081018034432
"1009",2020-10-06,"South West",0.00570084275726797
"1010",2020-10-07,"South West",0.00633381027575678
"1011",2020-10-08,"South West",0.00703656683765156
"1012",2020-10-09,"South West",0.00781669079984962
"1013",2020-10-10,"South West",0.00868255609071718
"1014",2020-10-11,"South West",0.00964340931447827
"1015",2020-10-12,"South West",0.0107094528089826
"1016",2020-10-13,"South West",0.0118919337393074
"1017",2020-10-14,"South West",0.0132032391978026
"1018",2020-10-15,"South West",0.0146569971340612
"1019",2020-10-16,"South West",0.0162681827485318
"1020",2020-10-17,"South West",0.0180532297427434
"1021",2020-10-18,"South West",0.0200301455180793
"1022",2020-10-19,"South West",0.0222186290435974
"1023",2020-10-20,"South West",0.0246401896608474
"1024",2020-10-21,"South West",0.0273182645491493
"1025",2020-10-22,"South West",0.0302783319280531
"1026",2020-10-23,"South West",0.033548016315883
"1027",2020-10-24,"South West",0.0371571812884094
"1028",2020-10-25,"South West",0.0411380041884814
"1029",2020-10-26,"South West",0.0455250261316403
"1030",2020-10-27,"South West",0.0503551694500663
"1031",2020-10-28,"South West",0.0556677134470552
"1032",2020-10-29,"South West",0.0615042180437262
"1033",2020-10-30,"South West",0.067908383658325
"1034",2020-10-31,"South West",0.0749258345627955
"1035",2020-11-01,"South West",0.0826038121388398
"1036",2020-11-02,"South West",0.0909907640680031
"1037",2020-11-03,"South West",0.100135815733107
"1038",2020-11-04,"South West",0.110088111207816
"1039",2020-11-05,"South West",0.120896013414387
"1040",2020-11-06,"South West",0.132606156587711
"1041",2020-11-07,"South West",0.145262349324853
"1042",2020-11-08,"South West",0.158904333392438
"1043",2020-11-09,"South West",0.173566412172313
"1044",2020-11-10,"South West",0.189275973052189
"1045",2020-11-11,"South West",0.206051939900078
"1046",2020-11-12,"South West",0.223903204422733
"1047",2020-11-13,"South West",0.242827097828636
"1048",2020-11-14,"South West",0.26280797563519
"1049",2020-11-15,"South West",0.2838159972796
"1050",2020-11-16,"South West",0.305806186888112
"1051",2020-11-17,"South West",0.328717860648061
"1052",2020-11-18,"South West",0.352474498498677
"1053",2020-11-19,"South West",0.376984122613557
"1054",2020-11-20,"South West",0.402140222444246
"1055",2020-11-21,"South West",0.427823236902159
"1056",2020-11-22,"South West",0.453902570512867
"1057",2020-11-23,"South West",0.480239084878824
"1058",2020-11-24,"South West",0.506687972911884
"1059",2020-11-25,"South West",0.533101894585496
"1060",2020-11-26,"South West",0.559334232609714
"1061",2020-11-27,"South West",0.585242316821643
"1062",2020-11-28,"South West",0.61069046836794
"1063",2020-11-29,"South West",0.635552728684763
"1064",2020-11-30,"South West",0.659715162234523
"1065",2020-12-01,"South West",0.683077653210582
"1066",2020-12-02,"South West",0.705555151567294
"1067",2020-12-03,"South West",0.727078359203154
"1068",2020-12-04,"South West",0.74759387967214
"1069",2020-12-05,"South West",0.767063881881534
"1070",2020-12-06,"South West",0.785465348243695
"1071",2020-12-07,"South West",0.802788990058679
"1072",2020-12-08,"South West",0.819037917774616
"1073",2020-12-09,"South West",0.834226152148463
"1074",2020-12-10,"South West",0.848377055588948
"1075",2020-12-11,"South West",0.86152175266567
"1076",2020-12-12,"South West",0.873697596442364
"1077",2020-12-13,"South West",0.884946724282137
"1078",2020-12-14,"South West",0.895314734147812
"1079",2020-12-15,"South West",0.904849500944413
"1080",2020-12-16,"South West",0.913600142592196
"1081",2020-12-17,"South West",0.921616137492941
"1082",2020-12-18,"South West",0.928946588876802
"1083",2020-12-19,"South West",0.93563962706965
"1084",2020-12-20,"South West",0.941741937792429
"1085",2020-12-21,"South West",0.947298402943449
"1086",2020-12-22,"South West",0.952351839661272
"1087",2020-12-23,"South West",0.956942823573433
"1088",2020-12-24,"South West",0.96110958278558
"1089",2020-12-25,"South West",0.964887950172186
"1090",2020-12-26,"South West",0.96831136274485
"1091",2020-12-27,"South West",0.971410898182754
"1092",2020-12-28,"South West",0.974215339927551
"1093",2020-12-29,"South West",0.976751263512881
"1094",2020-12-30,"South West",0.979043137978717
"1095",2020-12-31,"South West",0.981113437290558
"1096",2021-01-01,"South West",0.982982757633069
"1097",2021-01-02,"South West",0.984669937275547
"1098",2021-01-03,"South West",0.986192176417014
"1099",2021-01-04,"South West",0.987565155019682
"1100",2020-08-01,"national",0.0000248779321803106
"1101",2020-08-02,"national",0.0000276541304650451
"1102",2020-08-03,"national",0.0000307401895220497
"1103",2020-08-04,"national",0.0000341706984936939
"1104",2020-08-05,"national",0.0000379841077172521
"1105",2020-08-06,"national",0.0000422231596584339
"1106",2020-08-07,"national",0.000046935367905586
"1107",2020-08-08,"national",0.0000521735495751824
"1108",2020-08-09,"national",0.0000579964170725288
"1109",2020-08-10,"national",0.0000644692358101253
"1110",2020-08-11,"national",0.0000716645552168931
"1111",2020-08-12,"national",0.0000796630211822217
"1112",2020-08-13,"national",0.0000885542789780805
"1113",2020-08-14,"national",0.0000984379766996744
"1114",2020-08-15,"national",0.000109424880370627
"1115",2020-08-16,"national",0.000121638113083835
"1116",2020-08-17,"national",0.000135214531906357
"1117",2020-08-18,"national",0.000150306257779646
"1118",2020-08-19,"national",0.000167082375309953
"1119",2020-08-20,"national",0.000185730821184011
"1120",2020-08-21,"national",0.000206460481979849
"1121",2020-08-22,"national",0.000229503524390713
"1122",2020-08-23,"national",0.000255117983362377
"1123",2020-08-24,"national",0.000283590636382513
"1124",2020-08-25,"national",0.00031524019517914
"1125",2020-08-26,"national",0.000350420849408493
"1126",2020-08-27,"national",0.000389526200567532
"1127",2020-08-28,"national",0.000432993628380584
"1128",2020-08-29,"national",0.000481309136311881
"1129",2020-08-30,"national",0.000535012727675458
"1130",2020-08-31,"national",0.000594704369080288
"1131",2020-09-01,"national",0.000661050603690326
"1132",2020-09-02,"national",0.000734791883023432
"1133",2020-09-03,"national",0.000816750692784007
"1134",2020-09-04,"national",0.00090784055554122
"1135",2020-09-05,"national",0.00100907600094098
"1136",2020-09-06,"national",0.00112158360257894
"1137",2020-09-07,"national",0.00124661418965484
"1138",2020-09-08,"national",0.00138555635104967
"1139",2020-09-09,"national",0.00153995135946868
"1140",2020-09-10,"national",0.0017115096536988
"1141",2020-09-11,"national",0.00190212902772569
"1142",2020-09-12,"national",0.00211391468628568
"1143",2020-09-13,"national",0.00234920133717349
"1144",2020-09-14,"national",0.00261057750100191
"1145",2020-09-15,"national",0.00290091222873663
"1146",2020-09-16,"national",0.00322338442572584
"1147",2020-09-17,"national",0.00358151498749304
"1148",2020-09-18,"national",0.00397920195649135
"1149",2020-09-19,"national",0.00442075890936549
"1150",2020-09-20,"national",0.00491095677984958
"1151",2020-09-21,"national",0.00545506931179923
"1152",2020-09-22,"national",0.0060589223182675
"1153",2020-09-23,"national",0.00672894689389411
"1154",2020-09-24,"national",0.00747223668670866
"1155",2020-09-25,"national",0.00829660927884831
"1156",2020-09-26,"national",0.00921067165030441
"1157",2020-09-27,"national",0.010223889601818
"1158",2020-09-28,"national",0.0113466608881605
"1159",2020-09-29,"national",0.0125903916565774
"1160",2020-09-30,"national",0.0139675755921366
"1161",2020-10-01,"national",0.0154918749369728
"1162",2020-10-02,"national",0.0171782022689367
"1163",2020-10-03,"national",0.0190428015924346
"1164",2020-10-04,"national",0.0211033269068208
"1165",2020-10-05,"national",0.0233789159738617
"1166",2020-10-06,"national",0.025890256506501
"1167",2020-10-07,"national",0.028659641451171
"1168",2020-10-08,"national",0.0317110094451582
"1169",2020-10-09,"national",0.0350699659156399
"1170",2020-10-10,"national",0.0387637796729373
"1171",2020-10-11,"national",0.0428213492721942
"1172",2020-10-12,"national",0.0472731329213488
"1173",2020-10-13,"national",0.0521510353574003
"1174",2020-10-14,"national",0.0574882449681608
"1175",2020-10-15,"national",0.0633190145841406
"1176",2020-10-16,"national",0.0696783798933587
"1177",2020-10-17,"national",0.0766018104304163
"1178",2020-10-18,"national",0.0841247896423803
"1179",2020-10-19,"national",0.0922823227010246
"1180",2020-10-20,"national",0.101108373543331
"1181",2020-10-21,"national",0.110635236059921
"1182",2020-10-22,"national",0.120892848328868
"1183",2020-10-23,"national",0.13190806314613
"1184",2020-10-24,"national",0.14370389258407
"1185",2020-10-25,"national",0.156298748583577
"1186",2020-10-26,"national",0.169705705253694
"1187",2020-10-27,"national",0.183931811179785
"1188",2020-10-28,"national",0.198977481201898
"1189",2020-10-29,"national",0.214835996462061
"1190",2020-10-30,"national",0.231493138806632
"1191",2020-10-31,"national",0.248926980830006
"1192",2020-11-01,"national",0.267107846149902
"1193",2020-11-02,"national",0.285998446343129
"1194",2020-11-03,"national",0.305554191989393
"1195",2020-11-04,"national",0.325723666264624
"1196",2020-11-05,"national",0.346449241343089
"1197",2020-11-06,"national",0.367667811296587
"1198",2020-11-07,"national",0.389311610833334
"1199",2020-11-08,"national",0.41130908745101
"1200",2020-11-09,"national",0.433585795431691
"1201",2020-11-10,"national",0.456065283320307
"1202",2020-11-11,"national",0.478669951589336
"1203",2020-11-12,"national",0.501321863421178
"1204",2020-11-13,"national",0.523943498192265
"1205",2020-11-14,"national",0.546458443607418
"1206",2020-11-15,"national",0.56879202790239
"1207",2020-11-16,"national",0.590871897651457
"1208",2020-11-17,"national",0.61262854919964
"1209",2020-11-18,"national",0.63399582247186
"1210",2020-11-19,"national",0.654911364945576
"1211",2020-11-20,"national",0.675317071118009
"1212",2020-11-21,"national",0.695159499208898
"1213",2020-11-22,"national",0.714390262596849
"1214",2020-11-23,"national",0.732966389164313
"1215",2020-11-24,"national",0.750850637929923
"1216",2020-11-25,"national",0.768011759642761
"1217",2020-11-26,"national",0.784424686843903
"1218",2020-11-27,"national",0.800070639513485
"1219",2020-11-28,"national",0.814937134824041
"1220",2020-11-29,"national",0.829017893474928
"1221",2020-11-30,"national",0.842312640142336
"1222",2020-12-01,"national",0.854826801163739
"1223",2020-12-02,"national",0.866571108061126
"1224",2020-12-03,"national",0.877561120321323
"1225",2020-12-04,"national",0.887816684548862
"1226",2020-12-05,"national",0.897361349415782
"1227",2020-12-06,"national",0.906221756670435
"1228",2020-12-07,"national",0.914427027921192
"1229",2020-12-08,"national",0.922008165200487
"1230",2020-12-09,"national",0.928997480740867
"1231",2020-12-10,"national",0.935428068289038
"1232",2020-12-11,"national",0.94133332496448
"1233",2020-12-12,"national",0.94674652940914
"1234",2020-12-13,"national",0.951700478983912
"1235",2020-12-14,"national",0.956227186186766
"1236",2020-12-15,"national",0.960357632372082
"1237",2020-12-16,"national",0.964121575260871
"1238",2020-12-17,"national",0.96754740562517
"1239",2020-12-18,"national",0.970662047856022
"1240",2020-12-19,"national",0.973490898816247
"1241",2020-12-20,"national",0.976057799363284
"1242",2020-12-21,"national",0.978385033132048
"1243",2020-12-22,"national",0.980493347527407
"1244",2020-12-23,"national",0.982401992334133
"1245",2020-12-24,"national",0.984128771863003
"1246",2020-12-25,"national",0.985690107079214
"1247",2020-12-26,"national",0.987101104676881
"1248",2020-12-27,"national",0.988375630552815
"1249",2020-12-28,"national",0.989526385582263
"1250",2020-12-29,"national",0.990564982002415
"1251",2020-12-30,"national",0.991502019063856
"1252",2020-12-31,"national",0.992347156916089
"1253",2021-01-01,"national",0.993109187953233
"1254",2021-01-02,"national",0.993796105063547
"1255",2021-01-03,"national",0.994415166405781
"1256",2021-01-04,"national",0.994972956481025
